{
    "Acetone": {
        "formula": "C3H6O",
        "M": 0.05808,
        "Cp": 85.3776,
        "Cv": 76.6656,
        "gamma": 1.1136363636363635
    },
    "Acetylene": {
        "formula": "C2H2",
        "M": 0.02604,
        "Cp": 44.0076,
        "Cv": 35.674800000000005,
        "gamma": 1.2335766423357664
    },
    "Air": {
        "formula": "N2+O2+Ar",
        "gamma": 1.4066852367688023,
        "Cp": 29.07,
        "Cv": 20.786,
        "M": 0.02897
    },
    "Ammonia": {
        "formula": "NH3",
        "M": 0.01703,
        "Cp": 37.295700000000004,
        "Cv": 28.2698,
        "gamma": 1.319277108433735
    },
    "Argon": {
        "formula": "Ar",
        "M": 0.03995,
        "Cp": 20.774,
        "Cv": 12.464400000000001,
        "gamma": 1.6666666666666667
    },
    "Arsine": {
        "formula": "AsH3",
        "M": 0.07794499999999999,
        "Cp": 45.72954439984282,
        "Cv": 37.41508178168958,
        "gamma": 1.2222222222222223
    },
    "Benzene": {
        "formula": "C6H6",
        "M": 0.07811,
        "Cp": 85.13990000000001,
        "Cv": 77.3289,
        "gamma": 1.101010101010101
    },
    "Bromine": {
        "formula": "Br2",
        "M": 0.159808,
        "Cp": 39.952,
        "Cv": 31.9616,
        "gamma": 1.25
    },
    "Butane": {
        "formula": "C4H10",
        "M": 0.05812,
        "Cp": 97.06039999999999,
        "Cv": 88.9236,
        "gamma": 1.091503267973856
    },
    "Butanol": {
        "formula": "C4H10O",
        "M": 0.07215,
        "Cp": 137.18863319952845,
        "Cv": 128.8741705813752,
        "gamma": 1.064516129032258
    },
    "Butylene": {
        "formula": "C4H8",
        "M": 0.05611,
        "Cp": 112.24524534506874,
        "Cv": 103.9307827269155,
        "gamma": 1.08
    },
    "Carbon Dioxide": {
        "formula": "CO2",
        "M": 0.04401,
        "Cp": 37.41508178168958,
        "Cv": 29.100619163536336,
        "gamma": 1.2857142857142858
    },
    "Carbon Disulfide": {
        "formula": "CS2",
        "M": 0.076143,
        "Cp": 37.41508178168958,
        "Cv": 29.100619163536336,
        "gamma": 1.2857142857142858
    },
    "Carbon Monoxide": {
        "formula": "CO",
        "M": 0.02801,
        "Cp": 29.10061916353634,
        "Cv": 20.7861565453831,
        "gamma": 1.4
    },
    "Carbon Tetrachloride": {
        "formula": "CCl4",
        "M": 0.15382200000000001,
        "Cp": 54.04400701799605,
        "Cv": 45.729544399842815,
        "gamma": 1.1818181818181817
    },
    "Carbon dioxide": {
        "formula": "CO2",
        "gamma": 1.2885496183206107,
        "Cp": 37.14444,
        "Cv": 28.82655,
        "M": 0.04401
    },
    "Carbon disulphide": {
        "formula": "CS2",
        "gamma": 1.2181818181818183,
        "Cp": 51.01313,
        "Cv": 41.87645,
        "M": 0.076139
    },
    "Carbon monoxide": {
        "formula": "CO",
        "gamma": 1.4166666666666667,
        "Cp": 28.5702,
        "Cv": 20.1672,
        "M": 0.02801
    },
    "Chlorine": {
        "formula": "Cl2",
        "M": 0.07091,
        "Cp": 34.0368,
        "Cv": 25.527599999999996,
        "gamma": 1.3333333333333333
    },
    "Chlorine Dioxide": {
        "formula": "ClO2",
        "M": 0.067452,
        "Cp": 37.41508178168958,
        "Cv": 29.100619163536336,
        "gamma": 1.2857142857142858
    },
    "Chloroform": {
        "formula": "CHCl3",
        "M": 0.11938,
        "Cp": 75.2094,
        "Cv": 65.659,
        "gamma": 1.1454545454545453
    },
    "Chloromethane": {
        "formula": "CH3Cl",
        "M": 0.05049,
        "Cp": 54.04400701799605,
        "Cv": 45.729544399842815,
        "gamma": 1.1818181818181817
    },
    "Diethyl Ether": {
        "formula": "(C2H5)2O",
        "M": 0.07412,
        "Cp": 78.98739487245578,
        "Cv": 70.67293225430254,
        "gamma": 1.1176470588235294
    },
    "Diethyl ether": {
        "formula": "(C2H5)2O",
        "gamma": 1.0307692307692307,
        "Cp": 148.9812,
        "Cv": 144.534,
        "M": 0.07412
    },
    "Dimethyl Sulfide": {
        "formula": "(CH3)S",
        "M": 0.062136000000000004,
        "Cp": 54.04400701799605,
        "Cv": 45.729544399842815,
        "gamma": 1.1818181818181817
    },
    "Ethane": {
        "formula": "C2H6",
        "M": 0.03007,
        "Cp": 52.6225,
        "Cv": 44.5036,
        "gamma": 1.1824324324324325
    },
    "Ethanol": {
        "formula": "C2H5OH",
        "M": 0.04607,
        "Cp": 86.6116,
        "Cv": 76.9369,
        "gamma": 1.125748502994012
    },
    "Ethyle Chloride": {
        "formula": "C2H5Cl",
        "M": 0.06452,
        "Cp": 78.98739487245578,
        "Cv": 70.67293225430254,
        "gamma": 1.1176470588235294
    },
    "Ethylene": {
        "formula": "C2H4",
        "M": 0.028050000000000002,
        "Cp": 42.9165,
        "Cv": 34.5015,
        "gamma": 1.2439024390243902
    },
    "Ethylene oxide": {
        "formula": "H2COCH2",
        "M": 0.044052999999999995,
        "Cp": 70.67293225430254,
        "Cv": 62.358469636149295,
        "gamma": 1.1333333333333333
    },
    "Formaldehyde": {
        "formula": "HCHO",
        "M": 0.030026,
        "Cp": 45.72954439984282,
        "Cv": 37.41508178168958,
        "gamma": 1.2222222222222223
    },
    "Helium": {
        "formula": "He",
        "M": 0.004,
        "Cp": 20.76,
        "Cv": 12.48,
        "gamma": 1.6634615384615385
    },
    "Heptane": {
        "formula": "C7H16",
        "M": 0.1002,
        "Cp": 203.70433414475437,
        "Cv": 195.38987152660113,
        "gamma": 1.0425531914893618
    },
    "Hexane": {
        "formula": "C6H14",
        "M": 0.08618,
        "Cp": 178.76094629029464,
        "Cv": 170.4464836721414,
        "gamma": 1.048780487804878
    },
    "Hydrazine": {
        "formula": "H2NNH2",
        "M": 0.032045000000000004,
        "Cp": 62.358469636149295,
        "Cv": 54.04400701799606,
        "gamma": 1.1538461538461537
    },
    "Hydrogen": {
        "formula": "H2",
        "M": 0.00202,
        "Cp": 28.9264,
        "Cv": 20.5232,
        "gamma": 1.4094488188976377
    },
    "Hydrogen Chloride": {
        "formula": "HCl",
        "gamma": 1.4035087719298247,
        "Cp": 29.1688,
        "Cv": 20.78277,
        "M": 0.036461
    },
    "Hydrogen bromide": {
        "formula": "HBr",
        "M": 0.08091200000000001,
        "Cp": 29.10061916353634,
        "Cv": 20.7861565453831,
        "gamma": 1.4
    },
    "Hydrogen chloride": {
        "formula": "HCl",
        "M": 0.036461,
        "Cp": 29.10061916353634,
        "Cv": 20.7861565453831,
        "gamma": 1.4
    },
    "Hydrogen cyanide": {
        "formula": "HCN",
        "M": 0.027026,
        "Cp": 37.41508178168958,
        "Cv": 29.100619163536336,
        "gamma": 1.2857142857142858
    },
    "Hydrogen peroxide": {
        "formula": "H2O2",
        "M": 0.034015000000000004,
        "Cp": 45.72954439984282,
        "Cv": 37.41508178168958,
        "gamma": 1.2222222222222223
    },
    "Hydrogen sulfide": {
        "formula": "H2S",
        "M": 0.034082,
        "Cp": 37.41508178168958,
        "Cv": 29.100619163536336,
        "gamma": 1.2857142857142858
    },
    "Hydroxyl": {
        "formula": "OH",
        "gamma": 1.3858267716535433,
        "Cp": 29.1,
        "Cv": 20.98,
        "M": 0.01701
    },
    "Krypton": {
        "formula": "Kr",
        "M": 0.083798,
        "Cp": 20.9495,
        "Cv": 12.653497999999999,
        "gamma": 1.6556291390728477
    },
    "Mercury": {
        "formula": "Hg",
        "M": 0.20059,
        "Cp": 20.7861565453831,
        "Cv": 12.47169392722986,
        "gamma": 1.6666666666666667
    },
    "Methane": {
        "formula": "CH4",
        "M": 0.01604,
        "Cp": 35.6088,
        "Cv": 27.267999999999997,
        "gamma": 1.3058823529411767
    },
    "Methanol": {
        "formula": "CH3OH",
        "M": 0.03204,
        "Cp": 61.837199999999996,